"","Student ID","Term Code","Term UG MU Earned CrHr","Term UG Overall Earned CrHr (MU and Non-MU)","Cum UG Overall Earned CrHr (MU and Non-MU)"
"1",8098858,"202410",16,16,16
"2",8098858,"202420",15,15,31
"3",8108061,"202410",15,39,39
"4",8108061,"202420",14,14,53
"5",8108061,"202510",NA,NA,53
"6",8109444,"202410",15,53,53
"7",8109444,"202420",17,17,70
"8",8109444,"202510",NA,NA,70
"9",8110017,"202410",16,16,16
"10",8110017,"202420",14,14,30
"11",8110017,"202510",NA,NA,30
"12",8113940,"202410",14,27,27
"13",8113940,"202420",17,17,44
"14",8113940,"202510",NA,NA,44
"15",8115814,"202410",17,17,17
"16",8115814,"202420",15,15,32
"17",8115814,"202510",NA,NA,32
"18",8118995,"202410",15,40,40
"19",8118995,"202420",16,16,56
"20",8118995,"202510",NA,NA,56
"21",8118995,"202520",NA,NA,56
"22",8119866,"202410",15,38,38
"23",8119866,"202420",15,15,53
"24",8119866,"202510",NA,NA,53
"25",8125309,"202230",3,3,3
"26",8125309,"202410",15,36,39
"27",8125309,"202420",14,14,53
"28",8125309,"202510",NA,NA,53
"29",8125309,"202520",NA,NA,53
"30",8132821,"202310",15,39,39
"31",8132821,"202320",15,15,54
"32",8132821,"202410",15,15,69
"33",8136759,"202310",17,36,36
"34",8136759,"202320",19,19,55
"35",8136759,"202410",15,15,70
"36",8136759,"202420",15,15,85
"37",8136759,"202510",NA,NA,85
"38",8136759,"202515",NA,NA,85
"39",8136759,"202520",NA,NA,85
"40",8144976,"202310",15,32,32
"41",8144976,"202320",16,16,48
"42",8144976,"202410",15,15,63
"43",8144976,"202420",15,15,78
"44",8144976,"202510",NA,NA,78
"45",8144976,"202520",NA,NA,78
"46",8147231,"202310",16,53,53
"47",8147231,"202320",15,15,68
"48",8147231,"202410",15,15,83
"49",8147231,"202420",15,15,98
"50",8147231,"202510",NA,NA,98
"51",8149309,"202310",16,25,25
"52",8149309,"202320",16,16,41
"53",8149309,"202410",13,13,54
"54",8149309,"202420",15,15,69
"55",8149309,"202510",NA,NA,69
"56",8151695,"202310",15,42,42
"57",8151695,"202320",13,13,55
"58",8151695,"202330",3,3,58
"59",8151695,"202410",15,15,73
"60",8151695,"202420",17,17,90
"61",8151695,"202510",NA,NA,90
"62",8151695,"202515",NA,NA,90
"63",8152749,"202310",16,16,16
"64",8152749,"202320",15,15,31
"65",8152749,"202410",15,15,46
"66",8152749,"202420",14,14,60
"67",8152749,"202510",2,2,62
"68",8160693,"202310",15,24,24
"69",8160693,"202320",14,14,38
"70",8160693,"202410",13,13,51
"71",8160693,"202420",15,15,66
"72",8160693,"202510",NA,NA,66
"73",8166210,"202310",16,29,29
"74",8166210,"202320",16,16,45
"75",8166210,"202330",6,6,51
"76",8166210,"202410",16,16,67
"77",8166210,"202415",3,3,70
"78",8166210,"202420",15,15,85
"79",8166210,"202510",NA,NA,85
"80",8183049,"202210",15,64,64
"81",8183049,"202220",15,15,79
"82",8183049,"202310",15,15,94
"83",8183049,"202330",9,9,103
"84",8183049,"202410",15,15,118
"85",8183049,"202420",16,16,134
"86",8183049,"202510",NA,NA,134
"87",8183142,"202210",10,20,20
"88",8183142,"202220",17,17,37
"89",8183142,"202230",3,3,40
"90",8183142,"202310",15,15,55
"91",8183142,"202320",14,14,69
"92",8183142,"202410",15,15,84
"93",8183142,"202420",15,15,99
"94",8183142,"202430",6,6,105
"95",8183142,"202510",NA,NA,105
"96",8185339,"202210",18,44,44
"97",8185339,"202220",19,19,63
"98",8185339,"202310",18,18,81
"99",8185339,"202320",15,15,96
"100",8185339,"202330",6,6,102
"101",8185339,"202410",15,15,117
"102",8185339,"202420",18,18,135
"103",8185339,"202510",NA,NA,135
"104",8188789,"202210",12,27,27
"105",8188789,"202220",15,15,42
"106",8188789,"202310",12,12,54
"107",8188789,"202315",3,3,57
"108",8188789,"202320",12,12,69
"109",8188789,"202410",12,17,86
"110",8188789,"202415",3,3,89
"111",8188789,"202420",10,10,99
"112",8188789,"202510",NA,NA,99
"113",8189765,"202210",12,36,36
"114",8189765,"202220",16,16,52
"115",8189765,"202310",15,15,67
"116",8189765,"202320",12,12,79
"117",8189765,"202410",15,15,94
"118",8189765,"202420",12,12,106
"119",8189765,"202510",NA,NA,106
"120",8190053,"202310",16,70,70
"121",8190053,"202315",3,3,73
"122",8190053,"202320",13,13,86
"123",8190053,"202410",12,12,98
"124",8190053,"202415",6,6,104
"125",8190053,"202420",12,12,116
"126",8190053,"202430",6,6,122
"127",8190053,"202510",NA,NA,122
"128",8190053,"202515",NA,NA,122
"129",8190645,"202210",16,27,27
"130",8190645,"202220",17,17,44
"131",8190645,"202310",16,16,60
"132",8190645,"202320",15,15,75
"133",8190645,"202410",16,16,91
"134",8190645,"202420",16,16,107
"135",8190645,"202510",NA,NA,107
"136",8190732,"202210",19,51,51
"137",8190732,"202220",17,17,68
"138",8190732,"202310",12,12,80
"139",8190732,"202320",15,15,95
"140",8190732,"202410",15,15,110
"141",8190732,"202420",14,14,124
"142",8190732,"202510",NA,NA,124
"143",8190732,"202515",NA,NA,124
"144",8193517,"202210",15,49,49
"145",8193517,"202220",15,15,64
"146",8193517,"202310",19,19,83
"147",8193517,"202320",20,20,103
"148",8193517,"202410",20,20,123
"149",8193517,"202420",18,18,141
"150",8193517,"202510",NA,NA,141
"151",8194067,"202210",15,24,24
"152",8194067,"202220",15,15,39
"153",8194067,"202310",15,15,54
"154",8194067,"202320",12,12,66
"155",8194067,"202330",3,3,69
"156",8194067,"202410",0,15,84
"157",8194067,"202420",18,18,102
"158",8194067,"202510",NA,NA,102
"159",8194253,"202210",17,62,62
"160",8194253,"202215",4,4,66
"161",8194253,"202220",18,18,84
"162",8194253,"202310",18,18,102
"163",8194253,"202315",3,3,105
"164",8194253,"202320",NA,NA,105
"165",8194253,"202410",19,19,124
"166",8194253,"202420",15,15,139
"167",8194253,"202510",NA,NA,139
"168",8194429,"202210",15,24,24
"169",8194429,"202220",14,14,38
"170",8194429,"202310",15,15,53
"171",8194429,"202320",16,16,69
"172",8194429,"202410",17,17,86
"173",8194429,"202420",15,15,101
"174",8194429,"202510",NA,NA,101
"175",8196411,"202210",15,37,37
"176",8196411,"202215",3,3,40
"177",8196411,"202220",12,12,52
"178",8196411,"202310",15,15,67
"179",8196411,"202315",3,3,70
"180",8196411,"202320",15,15,85
"181",8196411,"202410",0,16,101
"182",8196411,"202420",12,12,113
"183",8196411,"202510",NA,NA,113
"184",8197248,"202210",12,32,32
"185",8197248,"202220",13,13,45
"186",8197248,"202310",12,12,57
"187",8197248,"202320",15,15,72
"188",8197248,"202410",12,12,84
"189",8197248,"202420",0,15,99
"190",8197248,"202510",NA,NA,99
"191",8197334,"202210",16,40,40
"192",8197334,"202220",15,15,55
"193",8197334,"202310",17,17,72
"194",8197334,"202320",15,15,87
"195",8197334,"202410",16,16,103
"196",8197334,"202420",15,15,118
"197",8197334,"202510",NA,NA,118
"198",8197334,"202515",NA,NA,118
"199",8198622,"202210",15,57,57
"200",8198622,"202220",15,15,72
"201",8198622,"202310",15,15,87
"202",8198622,"202320",16,16,103
"203",8198622,"202410",15,15,118
"204",8198622,"202420",15,15,133
"205",8198622,"202430",0,0,133
"206",8198622,"202510",0,0,133
"207",8200937,"202210",12,12,12
"208",8200937,"202220",16,16,28
"209",8200937,"202310",16,16,44
"210",8200937,"202320",15,15,59
"211",8200937,"202410",15,15,74
"212",8200937,"202420",15,15,89
"213",8200937,"202510",NA,NA,89
"214",8200937,"202515",NA,NA,89
"215",8201100,"202210",15,15,15
"216",8201100,"202215",3,3,18
"217",8201100,"202220",15,15,33
"218",8201100,"202310",16,16,49
"219",8201100,"202320",15,15,64
"220",8201100,"202410",18,18,82
"221",8201100,"202415",6,6,88
"222",8201100,"202420",15,15,103
"223",8201100,"202510",NA,NA,103
"224",8201508,"202210",17,29,29
"225",8201508,"202215",3,3,32
"226",8201508,"202220",17,17,49
"227",8201508,"202230",3,3,52
"228",8201508,"202310",15,15,67
"229",8201508,"202315",3,3,70
"230",8201508,"202320",15,15,85
"231",8201508,"202410",15,15,100
"232",8201508,"202415",0,3,103
"233",8201508,"202420",17,17,120
"234",8201508,"202510",NA,NA,120
"235",8201904,"202210",12,59,59
"236",8201904,"202220",7,7,66
"237",8201904,"202310",9,9,75
"238",8201904,"202320",12,12,87
"239",8201904,"202330",3,3,90
"240",8201904,"202410",14,14,104
"241",8201904,"202415",6,6,110
"242",8201904,"202420",15,15,125
"243",8201904,"202510",NA,NA,125
"244",8201904,"202515",NA,NA,125
"245",8203154,"202210",19,69,69
"246",8203154,"202220",19,19,88
"247",8203154,"202230",3,3,91
"248",8203154,"202310",18,18,109
"249",8203154,"202315",3,3,112
"250",8203154,"202320",15,15,127
"251",8203154,"202330",3,3,130
"252",8203154,"202410",17,17,147
"253",8203154,"202415",3,3,150
"254",8203154,"202420",13,13,163
"255",8203154,"202430",3,3,166
"256",8203154,"202510",NA,NA,166
"257",8203997,"202210",15,29,29
"258",8203997,"202220",15,15,44
"259",8203997,"202310",15,15,59
"260",8203997,"202320",16,16,75
"261",8203997,"202410",15,15,90
"262",8203997,"202420",15,15,105
"263",8203997,"202430",3,3,108
"264",8203997,"202510",NA,NA,108
"265",8204070,"202210",16,19,19
"266",8204070,"202220",17,17,36
"267",8204070,"202310",18,18,54
"268",8204070,"202320",0,16,70
"269",8204070,"202410",15,15,85
"270",8204070,"202420",15,15,100
"271",8204070,"202510",NA,NA,100
"272",8204796,"202210",12,12,12
"273",8204796,"202215",6,6,18
"274",8204796,"202220",12,12,30
"275",8204796,"202230",6,6,36
"276",8204796,"202310",17,17,53
"277",8204796,"202315",3,3,56
"278",8204796,"202320",18,18,74
"279",8204796,"202330",5,5,79
"280",8204796,"202410",15,15,94
"281",8204796,"202415",6,6,100
"282",8204796,"202420",16,16,116
"283",8204796,"202430",5,5,121
"284",8204796,"202510",NA,NA,121
"285",8205621,"202210",17,59,59
"286",8205621,"202220",16,16,75
"287",8205621,"202310",15,15,90
"288",8205621,"202320",18,18,108
"289",8205621,"202410",18,18,126
"290",8205621,"202420",18,18,144
"291",8205621,"202510",NA,NA,144
"292",8205774,"202210",17,37,37
"293",8205774,"202220",16,16,53
"294",8205774,"202310",15,15,68
"295",8205774,"202320",15,15,83
"296",8205774,"202410",15,15,98
"297",8205774,"202415",3,3,101
"298",8205774,"202420",17,17,118
"299",8205774,"202510",NA,NA,118
"300",8206175,"202210",12,17,17
"301",8206175,"202215",3,3,20
"302",8206175,"202220",14,14,34
"303",8206175,"202310",14,14,48
"304",8206175,"202320",12,12,60
"305",8206175,"202330",4,4,64
"306",8206175,"202410",15,15,79
"307",8206175,"202420",12,12,91
"308",8206175,"202510",NA,NA,91
"309",8206175,"202515",NA,NA,91
"310",8206175,"202520",NA,NA,91
"311",8207043,"202210",15,15,15
"312",8207043,"202220",16,16,31
"313",8207043,"202310",17,17,48
"314",8207043,"202320",17,17,65
"315",8207043,"202410",17,17,82
"316",8207043,"202420",0,16,98
"317",8207043,"202510",NA,NA,98
"318",8208211,"202210",17,61,61
"319",8208211,"202220",12,12,73
"320",8208211,"202310",15,15,88
"321",8208211,"202320",16,16,104
"322",8208211,"202410",15,15,119
"323",8208211,"202415",6,6,125
"324",8208211,"202420",15,15,140
"325",8208211,"202510",NA,NA,140
"326",8218558,"202210",16,60,60
"327",8218558,"202215",3,3,63
"328",8218558,"202220",16,16,79
"329",8218558,"202230",6,6,85
"330",8218558,"202310",12,12,97
"331",8218558,"202315",3,3,100
"332",8218558,"202320",12,12,112
"333",8218558,"202410",12,12,124
"334",8218558,"202415",3,3,127
"335",8218558,"202420",12,12,139
"336",8218558,"202430",3,3,142
"337",8218558,"202510",0,0,142
"338",8223835,"202110",15,22,22
"339",8223835,"202120",16,16,38
"340",8223835,"202210",15,15,53
"341",8223835,"202220",17,17,70
"342",8223835,"202310",15,15,85
"343",8223835,"202320",16,16,101
"344",8223835,"202410",15,15,116
"345",8223835,"202420",15,15,131
"346",8225982,"202210",13,36,36
"347",8225982,"202215",3,3,39
"348",8225982,"202220",18,18,57
"349",8226272,"202110",15,37,37
"350",8226272,"202120",17,17,54
"351",8226272,"202210",15,15,69
"352",8226272,"202220",16,16,85
"353",8226272,"202310",16,16,101
"354",8226272,"202320",16,16,117
"355",8226272,"202410",16,16,133
"356",8226272,"202420",17,17,150
"357",8226515,"202110",12,12,12
"358",8226515,"202120",12,12,24
"359",8226515,"202210",9,9,33
"360",8226515,"202220",9,9,42
"361",8226515,"202230",3,3,45
"362",8226515,"202310",10,10,55
"363",8226515,"202410",18,18,73
"364",8226515,"202420",17,17,90
"365",8226515,"202430",7,7,97
"366",8226515,"202510",0,0,97
"367",8226542,"202110",17,35,35
"368",8226542,"202120",15,15,50
"369",8226542,"202210",15,15,65
"370",8226542,"202220",16,16,81
"371",8226542,"202310",15,15,96
"372",8226542,"202320",15,15,111
"373",8226542,"202410",12,12,123
"374",8226542,"202420",15,15,138
"375",8230669,"202110",16,16,16
"376",8230669,"202120",15,15,31
"377",8230669,"202210",16,16,47
"378",8230669,"202220",15,15,62
"379",8230669,"202230",14,14,76
"380",8230669,"202310",15,15,91
"381",8230669,"202320",18,18,109
"382",8230669,"202330",6,6,115
"383",8230669,"202410",18,18,133
"384",8230669,"202420",19,19,152
"385",8230735,"202110",12,18,18
"386",8230735,"202120",20,20,38
"387",8230735,"202210",20,20,58
"388",8230735,"202220",16,16,74
"389",8230735,"202310",18,18,92
"390",8230735,"202320",18,18,110
"391",8230735,"202410",18,18,128
"392",8230735,"202420",12,12,140
"393",8231350,"202110",15,15,15
"394",8231350,"202120",16,20,35
"395",8231350,"202210",20,20,55
"396",8231350,"202215",3,3,58
"397",8231350,"202220",15,15,73
"398",8231350,"202230",3,3,76
"399",8231350,"202310",16,16,92
"400",8231350,"202315",6,6,98
"401",8231350,"202320",15,15,113
"402",8231350,"202410",15,15,128
"403",8231350,"202420",16,16,144
"404",8231569,"202110",10,18,18
"405",8231569,"202120",6,12,30
"406",8231569,"202210",12,12,42
"407",8231569,"202220",6,6,48
"408",8231569,"202310",9,9,57
"409",8231569,"202315",3,3,60
"410",8231569,"202320",9,9,69
"411",8231569,"202410",13,16,85
"412",8231569,"202415",6,6,91
"413",8231569,"202420",13,16,107
"414",8231842,"202110",15,18,18
"415",8231842,"202120",15,15,33
"416",8231842,"202210",15,15,48
"417",8231842,"202220",9,9,57
"418",8231842,"202230",3,3,60
"419",8231842,"202310",15,15,75
"420",8231842,"202320",12,12,87
"421",8231842,"202410",15,15,102
"422",8231842,"202415",5,5,107
"423",8231842,"202420",17,17,124
"424",8232786,"202110",12,15,15
"425",8232786,"202120",16,16,31
"426",8232786,"202210",15,15,46
"427",8232786,"202220",15,15,61
"428",8232786,"202310",15,15,76
"429",8232786,"202320",14,14,90
"430",8232786,"202410",14,14,104
"431",8232786,"202420",15,15,119
"432",8233515,"202110",17,17,17
"433",8233515,"202120",15.5,15.5,32.5
"434",8233515,"202210",15,15,47.5
"435",8233515,"202220",15,15,62.5
"436",8233515,"202310",15,15,77.5
"437",8233515,"202320",15,15,92.5
"438",8233515,"202330",3,6,98.5
"439",8233515,"202410",15,15,113.5
"440",8233515,"202420",15,15,128.5
"441",8233844,"202110",15,34,34
"442",8233844,"202120",15,15,49
"443",8233844,"202210",15,15,64
"444",8233844,"202220",18,18,82
"445",8233844,"202310",15,15,97
"446",8233844,"202320",15,15,112
"447",8233844,"202410",16,16,128
"448",8233844,"202420",12,12,140
"449",8234195,"202110",15,24,24
"450",8234195,"202120",15,15,39
"451",8234195,"202210",13,13,52
"452",8234195,"202220",16,16,68
"453",8234195,"202310",15,15,83
"454",8234195,"202320",15,15,98
"455",8234195,"202410",15,15,113
"456",8234195,"202420",16,16,129
"457",8235359,"202110",15,18,18
"458",8235359,"202120",17,17,35
"459",8235359,"202210",15,15,50
"460",8235359,"202220",14,14,64
"461",8235359,"202310",16,16,80
"462",8235359,"202315",6,6,86
"463",8235359,"202320",12,12,98
"464",8235359,"202330",3,3,101
"465",8235359,"202410",12,12,113
"466",8235359,"202420",12,12,125
"467",8235554,"202110",16,16,16
"468",8235554,"202120",14,14,30
"469",8235554,"202210",15,15,45
"470",8235554,"202220",9,9,54
"471",8235554,"202310",17,17,71
"472",8235554,"202320",0,16,87
"473",8235554,"202410",18,21,108
"474",8235554,"202420",16,16,124
"475",8235697,"202110",15,22,22
"476",8235697,"202120",16,16,38
"477",8235697,"202210",15,15,53
"478",8235697,"202220",16,16,69
"479",8235697,"202310",15,15,84
"480",8235697,"202315",3,3,87
"481",8235697,"202320",15,15,102
"482",8235697,"202410",12,12,114
"483",8235697,"202420",12,12,126
"484",8235926,"202110",15,15,15
"485",8235926,"202120",14,14,29
"486",8235926,"202210",15,15,44
"487",8235926,"202220",15,15,59
"488",8235926,"202310",15,15,74
"489",8235926,"202320",15,15,89
"490",8235926,"202410",12,12,101
"491",8235926,"202415",3,3,104
"492",8235926,"202420",15,15,119
"493",8236079,"202110",15,49,49
"494",8236079,"202120",16,16,65
"495",8236079,"202210",16,16,81
"496",8236079,"202220",15,15,96
"497",8236079,"202310",15,15,111
"498",8236079,"202320",16,16,127
"499",8236079,"202410",0,0,127
"500",8236079,"202415",0,0,127
"501",8236079,"202420",0,0,127
"502",8237411,"202110",16,22,22
"503",8237411,"202120",17,17,39
"504",8237411,"202210",12,12,51
"505",8237411,"202220",15,15,66
"506",8237411,"202310",15,15,81
"507",8237411,"202315",6,6,87
"508",8237411,"202320",12,12,99
"509",8237411,"202410",13,13,112
"510",8237411,"202420",13,13,125
"511",8238330,"202110",15,35,35
"512",8238330,"202115",3,3,38
"513",8238330,"202120",16,16,54
"514",8238330,"202210",15,15,69
"515",8238330,"202215",3,3,72
"516",8238330,"202220",15,15,87
"517",8238330,"202230",3,3,90
"518",8238330,"202310",15,15,105
"519",8238330,"202315",6,6,111
"520",8238330,"202320",12,12,123
"521",8238330,"202410",12,12,135
"522",8238330,"202415",3,3,138
"523",8238330,"202420",12,12,150
"524",8239231,"202110",16,38,38
"525",8239231,"202120",15,15,53
"526",8239231,"202210",12,12,65
"527",8239231,"202310",16,16,81
"528",8239231,"202320",15,15,96
"529",8239231,"202410",18,18,114
"530",8239231,"202415",6,6,120
"531",8239231,"202420",15,15,135
"532",8239643,"202110",16,37,37
"533",8239643,"202120",15,15,52
"534",8239643,"202210",15,15,67
"535",8239643,"202220",15,15,82
"536",8239643,"202310",15,15,97
"537",8239643,"202315",6,6,103
"538",8239643,"202320",15,15,118
"539",8239643,"202410",3,3,121
"540",8239643,"202415",0,0,121
"541",8239643,"202420",0,0,121
"542",8240060,"202110",15,39,39
"543",8240060,"202120",16,16,55
"544",8240060,"202210",17,17,72
"545",8240060,"202220",15,15,87
"546",8240060,"202310",15,15,102
"547",8240060,"202320",0,12,114
"548",8240060,"202410",15,15,129
"549",8240060,"202420",12,12,141
"550",8240157,"202110",15,38,38
"551",8240157,"202120",16,16,54
"552",8240157,"202210",16,16,70
"553",8240157,"202220",15,15,85
"554",8240157,"202310",15,15,100
"555",8240157,"202315",6,6,106
"556",8240157,"202320",15,15,121
"557",8240157,"202410",14.5,14.5,135.5
"558",8240157,"202420",14,14,149.5
"559",8242006,"202110",17,52,52
"560",8242006,"202120",12,12,64
"561",8242006,"202130",3,3,67
"562",8242006,"202210",15,15,82
"563",8242006,"202220",17,17,99
"564",8242006,"202310",15,15,114
"565",8242006,"202320",15,15,129
"566",8242006,"202410",15,15,144
"567",8242006,"202420",15,15,159
"568",8242443,"202110",17,45,45
"569",8242443,"202120",16,16,61
"570",8242443,"202130",3,3,64
"571",8242443,"202210",17,17,81
"572",8242443,"202220",16,16,97
"573",8242443,"202310",15,15,112
"574",8242443,"202320",12,12,124
"575",8242443,"202410",9,9,133
"576",8242443,"202420",12,12,145
"577",8243519,"202110",12,29,29
"578",8243519,"202120",15,15,44
"579",8243519,"202210",16,16,60
"580",8243519,"202220",15,15,75
"581",8243519,"202310",15,15,90
"582",8243519,"202320",17,17,107
"583",8243519,"202410",17,17,124
"584",8243519,"202415",3,3,127
"585",8243519,"202420",17,17,144
"586",8243906,"202110",15,15,15
"587",8243906,"202120",17,17,32
"588",8243906,"202210",16,16,48
"589",8243906,"202220",15,15,63
"590",8243906,"202310",18,18,81
"591",8243906,"202315",6,6,87
"592",8243906,"202320",15,15,102
"593",8243906,"202410",19,19,121
"594",8243906,"202415",6,6,127
"595",8243906,"202420",15,15,142
"596",8245801,"202110",16,39,39
"597",8245801,"202120",15,15,54
"598",8245801,"202210",15,15,69
"599",8245801,"202215",3,3,72
"600",8245801,"202220",13,16,88
"601",8245801,"202310",15,15,103
"602",8245801,"202320",12,12,115
"603",8245801,"202410",12,12,127
"604",8246329,"202110",16,25,25
"605",8246329,"202115",3,3,28
"606",8246329,"202120",16,16,44
"607",8246329,"202210",15,15,59
"608",8246329,"202220",17,17,76
"609",8246329,"202310",16,16,92
"610",8246329,"202320",15,15,107
"611",8246329,"202410",15,15,122
"612",8246329,"202420",12,12,134
"613",8246688,"202110",15,15,15
"614",8246688,"202120",15,15,30
"615",8246688,"202210",18,18,48
"616",8246688,"202215",3,3,51
"617",8246688,"202220",15,15,66
"618",8246688,"202230",4,4,70
"619",8246688,"202310",15,15,85
"620",8246688,"202315",3,3,88
"621",8246688,"202320",15,15,103
"622",8246688,"202410",17,17,120
"623",8246688,"202415",4,4,124
"624",8246688,"202420",12,12,136
"625",8246861,"202110",17,60,60
"626",8246861,"202120",14,14,74
"627",8246861,"202210",15,15,89
"628",8246861,"202220",16,16,105
"629",8246861,"202310",13,13,118
"630",8246861,"202320",15,15,133
"631",8246861,"202410",15,15,148
"632",8246861,"202420",12,12,160
"633",8246891,"202110",15,32,32
"634",8246891,"202120",15,15,47
"635",8246891,"202210",16,16,63
"636",8246891,"202220",15,15,78
"637",8246891,"202310",12,12,90
"638",8246891,"202315",3,3,93
"639",8246891,"202320",12,12,105
"640",8246891,"202410",15,15,120
"641",8246891,"202420",12,12,132
"642",8249408,"202110",15,37,37
"643",8249408,"202120",18,18,55
"644",8249408,"202210",15,15,70
"645",8249408,"202220",15,15,85
"646",8249408,"202310",18,18,103
"647",8249408,"202320",0,16,119
"648",8249408,"202410",16,16,135
"649",8249408,"202415",3,3,138
"650",8249408,"202420",15,15,153
"651",8250961,"202030",3,3,3
"652",8250961,"202110",16,24,27
"653",8250961,"202120",14,14,41
"654",8250961,"202210",15,15,56
"655",8250961,"202220",16,16,72
"656",8250961,"202310",15,15,87
"657",8250961,"202320",15,15,102
"658",8250961,"202410",15,15,117
"659",8250961,"202420",12,12,129
"660",8251247,"202110",15,70,70
"661",8251247,"202120",15,15,85
"662",8251247,"202210",17,17,102
"663",8251247,"202220",15,15,117
"664",8251247,"202230",6,6,123
"665",8251247,"202310",17,17,140
"666",8251247,"202315",3,3,143
"667",8251247,"202320",15,15,158
"668",8251247,"202410",14,14,172
"669",8251247,"202415",3,3,175
"670",8251247,"202420",14,14,189
"671",8260919,"202110",16,36,36
"672",8260919,"202120",16,16,52
"673",8260919,"202130",3,3,55
"674",8260919,"202210",15,15,70
"675",8260919,"202220",15,15,85
"676",8260919,"202230",9,9,94
"677",8260919,"202310",15,15,109
"678",8260919,"202320",15,15,124
"679",8260919,"202410",16,16,140
"680",8260919,"202420",15,15,155
"681",8262583,"202020",3,3,3
"682",8262583,"202110",3,3,6
"683",8262583,"202120",3,3,9
"684",8262583,"202210",14,27,36
"685",8262583,"202215",3,3,39
"686",8262583,"202220",12,17,56
"687",8262583,"202310",15,15,71
"688",8262583,"202315",6,6,77
"689",8262583,"202320",15,15,92
"690",8262583,"202410",16.5,16.5,108.5
"691",8262583,"202420",18,18,126.5
"692",8262583,"202510",NA,NA,126.5
"693",8265341,"202010",16,25,25
"694",8265341,"202020",14,14,39
"695",8265341,"202110",16,16,55
"696",8265341,"202120",15,15,70
"697",8265341,"202210",15,15,85
"698",8265341,"202215",3,3,88
"699",8265341,"202220",12,12,100
"700",8265341,"202230",3,3,103
"701",8265341,"202310",15,15,118
"702",8265341,"202320",15,15,133
"703",8269664,"202010",12,12,12
"704",8269664,"202020",17,17,29
"705",8269664,"202110",19,25,54
"706",8269664,"202120",15,15,69
"707",8269664,"202210",16.5,16.5,85.5
"708",8269664,"202220",18,18,103.5
"709",8269664,"202310",15,15,118.5
"710",8269664,"202320",12,12,130.5
"711",8270244,"202010",17,22,22
"712",8270244,"202020",17,17,39
"713",8270244,"202110",14.5,14.5,53.5
"714",8270244,"202120",18,18,71.5
"715",8270244,"202210",15,15,86.5
"716",8270244,"202215",3,3,89.5
"717",8270244,"202220",12,12,101.5
"718",8270244,"202310",12,12,113.5
"719",8270244,"202320",6,6,119.5
"720",8270285,"202010",16,16,16
"721",8270285,"202020",15,15,31
"722",8270285,"202110",15,15,46
"723",8270285,"202120",15,15,61
"724",8270285,"202210",15,15,76
"725",8270285,"202220",15,15,91
"726",8270285,"202310",15,15,106
"727",8270285,"202315",6,6,112
"728",8270285,"202320",12,12,124
"729",8271899,"202010",16,22,22
"730",8271899,"202020",14,14,36
"731",8271899,"202110",16,16,52
"732",8271899,"202120",15,15,67
"733",8271899,"202130",3,3,70
"734",8271899,"202210",15,15,85
"735",8271899,"202215",6,6,91
"736",8271899,"202220",15,15,106
"737",8271899,"202230",3,3,109
"738",8271899,"202310",15,15,124
"739",8271899,"202320",12,12,136
"740",8272073,"202010",16,16,16
"741",8272073,"202020",18,18,34
"742",8272073,"202110",19,19,53
"743",8272073,"202120",18,18,71
"744",8272073,"202210",18,18,89
"745",8272073,"202220",20,20,109
"746",8272073,"202230",0,3,112
"747",8272073,"202310",21,21,133
"748",8272073,"202320",12,12,145
"749",8272715,"202010",13,13,13
"750",8272715,"202120",18,18,31
"751",8272715,"202210",14,14,45
"752",8272715,"202220",9,9,54
"753",8272715,"202310",14,14,68
"754",8272715,"202315",3,3,71
"755",8272715,"202320",12,15,86
"756",8272715,"202330",3,8,94
"757",8272715,"202410",0,12,106
"758",8272715,"202420",18,18,124
"759",8273135,"202010",8,27,27
"760",8273135,"202020",14,14,41
"761",8273135,"202030",5,5,46
"762",8273135,"202110",15,15,61
"763",8273135,"202120",15,15,76
"764",8273135,"202210",15,15,91
"765",8273135,"202220",12,12,103
"766",8273135,"202310",15,15,118
"767",8273135,"202315",0,0,118
"768",8273135,"202320",12,12,130
"769",8273135,"202330",3,3,133
"770",8275281,"202010",17,25,25
"771",8275281,"202020",16,16,41
"772",8275281,"202110",16,16,57
"773",8275281,"202120",15,15,72
"774",8275281,"202210",15,15,87
"775",8275281,"202220",16,16,103
"776",8275281,"202310",15,15,118
"777",8275281,"202320",12,12,130
"778",8275768,"201930",6,6,6
"779",8275768,"202010",15,21,27
"780",8275768,"202020",13,13,40
"781",8275768,"202110",13,13,53
"782",8275768,"202120",15,15,68
"783",8275768,"202210",12,12,80
"784",8275768,"202220",15,15,95
"785",8275768,"202310",12,12,107
"786",8275768,"202320",12,12,119
"787",8275768,"202410",0,0,119
"788",8275768,"202415",0,0,119
"789",8275768,"202420",0,0,119
"790",8275990,"202010",15,15,15
"791",8275990,"202015",3,3,18
"792",8275990,"202020",15,15,33
"793",8275990,"202110",14,14,47
"794",8275990,"202120",15,15,62
"795",8275990,"202210",15,15,77
"796",8275990,"202215",6,6,83
"797",8275990,"202220",12,12,95
"798",8275990,"202230",3,3,98
"799",8275990,"202310",15,15,113
"800",8275990,"202320",18,18,131
"801",8278406,"202010",15,30,30
"802",8278406,"202020",15,15,45
"803",8278406,"202030",3,3,48
"804",8278406,"202110",15,15,63
"805",8278406,"202120",15,15,78
"806",8278406,"202210",15,15,93
"807",8278406,"202220",15,15,108
"808",8278406,"202310",15,15,123
"809",8278406,"202320",12,12,135
"810",8278735,"202010",17,17,17
"811",8278735,"202020",14,14,31
"812",8278735,"202030",0,18,NA
"813",8278735,"202110",18,18,67
"814",8278735,"202120",18,18,85
"815",8278735,"202210",20,20,105
"816",8278735,"202220",21,21,126
"817",8278735,"202230",0,0,126
"818",8278735,"202310",14,14,140
"819",8279029,"202010",17,32,32
"820",8279029,"202020",11,11,43
"821",8279029,"202110",15,15,58
"822",8279029,"202120",12,12,70
"823",8279029,"202210",14,14,84
"824",8279029,"202220",15,15,99
"825",8279029,"202310",13,13,112
"826",8279029,"202315",3,3,115
"827",8279029,"202320",15,15,130
"828",8279045,"202010",16,48,48
"829",8279045,"202020",17,17,65
"830",8279045,"202110",15,15,80
"831",8279045,"202120",12,12,92
"832",8279045,"202210",15,15,107
"833",8279045,"202220",15,15,122
"834",8279045,"202310",12,12,134
"835",8279045,"202320",12,12,146
"836",8279077,"202010",15,39,39
"837",8279077,"202020",12,12,51
"838",8279077,"202110",16,16,67
"839",8279077,"202115",3,3,70
"840",8279077,"202120",16,16,86
"841",8279077,"202210",15,15,101
"842",8279077,"202220",15,15,116
"843",8279077,"202310",15,15,131
"844",8279077,"202315",6,6,137
"845",8279077,"202320",12,12,149
"846",8279722,"202010",17,22,22
"847",8279722,"202020",17,17,39
"848",8279722,"202110",17,17,56
"849",8279722,"202120",17,17,73
"850",8279722,"202210",15,15,88
"851",8279722,"202220",18,18,106
"852",8279722,"202310",15,15,121
"853",8279722,"202320",13,13,134
"854",8280089,"202010",17,35,35
"855",8280089,"202015",0,0,35
"856",8280089,"202020",15,15,50
"857",8280089,"202110",0,4,NA
"858",8280089,"202120",12,12,66
"859",8280089,"202210",16,16,82
"860",8280089,"202220",12,12,94
"861",8280089,"202310",19,19,113
"862",8280089,"202315",6,6,119
"863",8280089,"202320",12,12,131
"864",8280089,"202410",19,19,150
"865",8280089,"202420",10,10,160
"866",8280700,"202010",15,18,18
"867",8280700,"202015",3,3,21
"868",8280700,"202020",14,14,35
"869",8280700,"202110",16,16,51
"870",8280700,"202115",3,3,54
"871",8280700,"202120",15,15,69
"872",8280700,"202210",15,15,84
"873",8280700,"202215",3,3,87
"874",8280700,"202220",15,15,102
"875",8280700,"202310",17,17,119
"876",8280700,"202315",3,3,122
"877",8280700,"202320",12,12,134
"878",8281486,"202010",20,54,54
"879",8281486,"202020",18,18,72
"880",8281486,"202110",20,20,92
"881",8281486,"202120",17,17,109
"882",8281486,"202210",18,18,127
"883",8281486,"202220",18,18,145
"884",8281486,"202310",18,18,163
"885",8281486,"202320",17,17,180
"886",8281982,"202010",17,23,23
"887",8281982,"202020",15,15,38
"888",8281982,"202110",15,15,53
"889",8281982,"202120",12,12,65
"890",8281982,"202210",16,16,81
"891",8281982,"202220",14,14,95
"892",8281982,"202310",15,18,113
"893",8281982,"202320",13,13,126
"894",8282676,"202010",16,48,48
"895",8282676,"202015",3,3,51
"896",8282676,"202020",14,14,65
"897",8282676,"202110",18,21,86
"898",8282676,"202120",18,18,104
"899",8282676,"202130",6,12,116
"900",8282676,"202210",15,15,131
"901",8282676,"202220",15,15,146
"902",8282676,"202310",12,12,158
"903",8282676,"202320",9,9,167
"904",8282692,"202010",17,17,17
"905",8282692,"202020",15,15,32
"906",8282692,"202030",3,3,35
"907",8282692,"202110",18,18,53
"908",8282692,"202120",15,15,68
"909",8282692,"202210",17,17,85
"910",8282692,"202220",18,18,103
"911",8282692,"202310",15,18,121
"912",8282692,"202320",12,12,133
"913",8283222,"202010",15,18,18
"914",8283222,"202020",18,18,36
"915",8283222,"202110",16,16,52
"916",8283222,"202120",18,18,70
"917",8283222,"202210",15,15,85
"918",8283222,"202215",3,3,88
"919",8283222,"202220",15.5,15.5,103.5
"920",8283222,"202310",17,20,123.5
"921",8283222,"202320",14.5,14.5,138
"922",8283990,"202010",15,29,29
"923",8283990,"202015",3,3,32
"924",8283990,"202020",16,16,48
"925",8283990,"202110",15,15,63
"926",8283990,"202120",15,15,78
"927",8283990,"202210",18,18,96
"928",8283990,"202215",3,3,99
"929",8283990,"202220",15,15,114
"930",8283990,"202310",15,15,129
"931",8283990,"202315",6,6,135
"932",8283990,"202320",15,15,150
"933",8284203,"202010",10,34,34
"934",8284203,"202020",15,15,49
"935",8284203,"202110",14,14,63
"936",8284203,"202120",14,14,77
"937",8284203,"202210",15,15,92
"938",8284203,"202220",16,16,108
"939",8284203,"202310",15,15,123
"940",8284203,"202320",12,12,135
"941",8285702,"202010",16,16,16
"942",8285702,"202020",14,14,30
"943",8285702,"202110",9,9,39
"944",8285702,"202120",15,15,54
"945",8285702,"202210",15,15,69
"946",8285702,"202215",3,3,72
"947",8285702,"202220",15,15,87
"948",8285702,"202310",15,15,102
"949",8285702,"202320",17,17,119
"950",8285798,"202010",15,15,15
"951",8285798,"202020",15,15,30
"952",8285798,"202110",16,16,46
"953",8285798,"202120",15,15,61
"954",8285798,"202210",15,15,76
"955",8285798,"202220",18,18,94
"956",8285798,"202310",15,15,109
"957",8285798,"202320",15,15,124
"958",8286870,"202010",17,44,44
"959",8286870,"202020",15,15,59
"960",8286870,"202110",15,15,74
"961",8286870,"202120",15,15,89
"962",8286870,"202210",15,15,104
"963",8286870,"202215",3,3,107
"964",8286870,"202220",15,15,122
"965",8286870,"202310",0,0,122
"966",8286870,"202315",0,0,122
"967",8286870,"202320",0,0,122
"968",8287228,"202010",15,15,15
"969",8287228,"202020",15,15,30
"970",8287228,"202110",16,16,46
"971",8287228,"202120",15,15,61
"972",8287228,"202130",3,3,64
"973",8287228,"202210",15,15,79
"974",8287228,"202215",6,6,85
"975",8287228,"202220",18,18,103
"976",8287228,"202310",12,12,115
"977",8287228,"202320",12,12,127
"978",8287451,"202010",14,30,30
"979",8287451,"202020",16,16,46
"980",8287451,"202110",15,15,61
"981",8287451,"202120",15,15,76
"982",8287451,"202210",15,15,91
"983",8287451,"202220",12,12,103
"984",8287451,"202310",14,14,117
"985",8287451,"202320",12,12,129
"986",8288224,"202010",15,24,24
"987",8288224,"202020",17,17,41
"988",8288224,"202030",0,0,41
"989",8288224,"202110",15,15,56
"990",8288224,"202120",15,15,71
"991",8288224,"202130",9,9,80
"992",8288224,"202210",14,14,94
"993",8288224,"202220",15,15,109
"994",8288224,"202230",0,3,NA
"995",8288224,"202310",12,12,124
"996",8288224,"202320",12,12,136
"997",8288743,"202010",14,24,24
"998",8288743,"202020",15,15,39
"999",8288743,"202110",15,15,54
"1000",8288743,"202120",15,15,69
"1001",8288743,"202210",14,14,83
"1002",8288743,"202215",3,3,86
"1003",8288743,"202220",14,14,100
"1004",8288743,"202310",15,15,115
"1005",8288743,"202320",12,12,127
"1006",8288840,"202010",13,13,13
"1007",8288840,"202020",14,14,27
"1008",8288840,"202110",16,16,43
"1009",8288840,"202120",12,12,55
"1010",8288840,"202210",15,15,70
"1011",8288840,"202220",15,15,85
"1012",8288840,"202310",13,13,98
"1013",8288840,"202315",6,6,104
"1014",8288840,"202320",18,18,122
"1015",8289212,"202010",13,22,22
"1016",8289212,"202015",3,3,25
"1017",8289212,"202020",15,15,40
"1018",8289212,"202110",15,15,55
"1019",8289212,"202120",12,12,67
"1020",8289212,"202210",13,13,80
"1021",8289212,"202220",15,15,95
"1022",8289212,"202310",15,15,110
"1023",8289212,"202320",12,12,122
"1024",8289532,"202010",15,49,49
"1025",8289532,"202020",15,15,64
"1026",8289532,"202110",15,15,79
"1027",8289532,"202120",15,15,94
"1028",8289532,"202210",16,16,110
"1029",8289532,"202220",0,16,126
"1030",8289532,"202310",18,18,144
"1031",8289532,"202320",21,21,165
"1032",8289763,"202010",13,34,34
"1033",8289763,"202015",3,3,37
"1034",8289763,"202020",13,13,50
"1035",8289763,"202110",15,15,65
"1036",8289763,"202120",15,15,80
"1037",8289763,"202210",12,12,92
"1038",8289763,"202215",3,3,95
"1039",8289763,"202220",12,12,107
"1040",8289763,"202310",15,15,122
"1041",8289763,"202315",6,6,128
"1042",8289763,"202320",14,14,142
"1043",8289912,"202010",14,57,57
"1044",8289912,"202015",3,3,60
"1045",8289912,"202020",15,15,75
"1046",8289912,"202110",15,15,90
"1047",8289912,"202120",15,15,105
"1048",8289912,"202210",15,15,120
"1049",8289912,"202220",12,12,132
"1050",8290156,"202010",16,39,39
"1051",8290156,"202020",15,15,54
"1052",8290156,"202110",15,15,69
"1053",8290156,"202120",12,12,81
"1054",8290156,"202210",12,12,93
"1055",8290156,"202220",12,12,105
"1056",8290156,"202310",12,12,117
"1057",8290156,"202320",3,3,120
"1058",8290344,"202010",14,38,38
"1059",8290344,"202020",12,12,50
"1060",8290344,"202110",12,12,62
"1061",8290344,"202120",12,12,74
"1062",8290344,"202210",12,12,86
"1063",8290344,"202220",15,15,101
"1064",8290344,"202310",9,9,110
"1065",8290344,"202320",14.5,14.5,124.5
"1066",8290581,"202010",15,15,15
"1067",8290581,"202020",12,12,27
"1068",8290581,"202110",12,12,39
"1069",8290581,"202120",15,15,54
"1070",8290581,"202210",16,16,70
"1071",8290581,"202220",15,15,85
"1072",8290581,"202310",17,17,102
"1073",8290581,"202315",6,6,108
"1074",8290581,"202320",18,18,126
"1075",8290744,"202010",15,30,30
"1076",8290744,"202015",3,3,33
"1077",8290744,"202020",13,13,46
"1078",8290744,"202110",14,14,60
"1079",8290744,"202115",3,3,63
"1080",8290744,"202120",12,12,75
"1081",8290744,"202130",3,3,78
"1082",8290744,"202210",12,12,90
"1083",8290744,"202220",16,16,106
"1084",8290744,"202310",12,12,118
"1085",8290744,"202320",11,11,129
"1086",8291186,"202010",15,15,15
"1087",8291186,"202020",17,17,32
"1088",8291186,"202110",13,13,45
"1089",8291186,"202120",15,15,60
"1090",8291186,"202210",15,15,75
"1091",8291186,"202220",13,13,88
"1092",8291186,"202310",14,14,102
"1093",8291186,"202320",13,13,115
"1094",8291384,"202010",17,64,64
"1095",8291384,"202020",16,16,80
"1096",8291384,"202110",16,16,96
"1097",8291384,"202120",15,15,111
"1098",8291384,"202210",15,15,126
"1099",8291384,"202215",3,3,129
"1100",8291384,"202220",15,15,144
"1101",8291384,"202230",1,1,145
"1102",8291384,"202310",15,15,160
"1103",8291683,"202010",10,10,10
"1104",8291683,"202020",14,14,24
"1105",8291683,"202110",13,13,37
"1106",8291683,"202120",14,14,51
"1107",8291683,"202130",3,3,54
"1108",8291683,"202210",14,14,68
"1109",8291683,"202215",3,3,71
"1110",8291683,"202220",16,16,87
"1111",8291683,"202310",15,15,102
"1112",8291683,"202315",2,2,104
"1113",8291683,"202320",15,15,119
"1114",8291791,"202010",15,29,29
"1115",8291791,"202020",16,16,45
"1116",8291791,"202110",12,12,57
"1117",8291791,"202120",15,15,72
"1118",8291791,"202130",3,3,75
"1119",8291791,"202210",15,15,90
"1120",8291791,"202220",12,12,102
"1121",8291791,"202310",12,12,114
"1122",8291791,"202315",3,3,117
"1123",8291791,"202320",13,13,130
"1124",8292025,"202010",15,32,32
"1125",8292025,"202020",14,14,46
"1126",8292025,"202110",15,15,61
"1127",8292025,"202120",15,15,76
"1128",8292025,"202210",15,15,91
"1129",8292025,"202220",13,13,104
"1130",8292025,"202310",9,9,113
"1131",8292025,"202320",9,9,122
"1132",8292025,"202410",3,3,125
"1133",8292442,"202010",16,22,22
"1134",8292442,"202020",14,14,36
"1135",8292442,"202110",18,18,54
"1136",8292442,"202115",2,2,56
"1137",8292442,"202120",17,17,73
"1138",8292442,"202210",17,17,90
"1139",8292442,"202215",3,3,93
"1140",8292442,"202220",16,16,109
"1141",8292442,"202310",15,15,124
"1142",8292442,"202315",3,3,127
"1143",8292442,"202320",13,13,140
"1144",8293283,"202010",15,19,19
"1145",8293283,"202015",3,3,22
"1146",8293283,"202020",17,17,39
"1147",8293283,"202110",17,17,56
"1148",8293283,"202115",3,3,59
"1149",8293283,"202120",18,18,77
"1150",8293283,"202210",20,20,97
"1151",8293283,"202215",6,6,103
"1152",8293283,"202220",18,18,121
"1153",8293283,"202310",0,0,121
"1154",8293283,"202315",0,0,121
"1155",8293283,"202320",0,0,121
"1156",8293553,"202010",16,36,36
"1157",8293553,"202020",15,15,51
"1158",8293553,"202110",16,16,67
"1159",8293553,"202120",17,17,84
"1160",8293553,"202210",15,15,99
"1161",8293553,"202215",3,3,102
"1162",8293553,"202220",12,12,114
"1163",8293553,"202230",3,3,117
"1164",8293553,"202310",14,14,131
"1165",8293553,"202320",12,12,143
"1166",8294324,"202010",15,29,29
"1167",8294324,"202015",3,3,32
"1168",8294324,"202020",15,15,47
"1169",8294324,"202110",17,17,64
"1170",8294324,"202120",17,17,81
"1171",8294324,"202210",16,16,97
"1172",8294324,"202215",3,3,100
"1173",8294324,"202220",15,15,115
"1174",8294324,"202310",12,12,127
"1175",8294574,"202010",16,30,30
"1176",8294574,"202020",13,13,43
"1177",8294574,"202110",15,15,58
"1178",8294574,"202120",12,12,70
"1179",8294574,"202130",3,3,73
"1180",8294574,"202210",12,12,85
"1181",8294574,"202215",3,3,88
"1182",8294574,"202220",12,12,100
"1183",8294574,"202310",12,12,112
"1184",8294574,"202320",15,15,127
"1185",8294890,"202010",16,25,25
"1186",8294890,"202020",14,14,39
"1187",8294890,"202110",15,15,54
"1188",8294890,"202120",12,12,66
"1189",8295277,"202010",15,15,15
"1190",8295277,"202020",15,15,30
"1191",8295277,"202030",5,5,35
"1192",8295277,"202110",17,17,52
"1193",8295277,"202115",3,3,55
"1194",8295277,"202120",16,16,71
"1195",8295277,"202130",3,3,74
"1196",8295277,"202210",15,15,89
"1197",8295277,"202215",3,3,92
"1198",8295277,"202220",14,14,106
"1199",8295277,"202310",14,14,120
"1200",8295277,"202320",12,12,132
"1201",8295511,"202010",15,46,46
"1202",8295511,"202020",15,15,61
"1203",8295511,"202110",15,15,76
"1204",8295511,"202120",15,15,91
"1205",8295511,"202210",15,15,106
"1206",8295511,"202215",3,3,109
"1207",8295511,"202220",12,12,121
"1208",8295511,"202310",12,12,133
"1209",8295511,"202320",6,6,139
"1210",8308960,"202110",15,44,44
"1211",8308960,"202120",17,17,61
"1212",8308960,"202210",15,15,76
"1213",8308960,"202220",16,16,92
"1214",8308960,"202310",15,15,107
"1215",8308960,"202320",15,15,122
"1216",8308960,"202410",15,15,137
"1217",8308960,"202420",15,15,152
"1218",8309047,"201910",15,15,15
"1219",8309047,"201920",17,17,32
"1220",8309047,"202010",20,20,52
"1221",8309047,"202020",19,19,71
"1222",8309047,"202110",21,21,92
"1223",8309047,"202120",15,15,107
"1224",8309047,"202210",15,15,122
"1225",8309047,"202220",12,12,134
"1226",8309076,"201910",16,37,37
"1227",8309076,"201920",17,17,54
"1228",8309076,"202010",18,18,72
"1229",8309076,"202020",14,14,86
"1230",8309076,"202110",9,9,95
"1231",8309076,"202115",3,3,98
"1232",8309076,"202120",15,15,113
"1233",8309076,"202130",4,4,117
"1234",8309076,"202210",16,16,133
"1235",8309076,"202215",3,3,136
"1236",8309076,"202220",18,18,154
"1237",8309076,"202230",6,6,160
"1238",8311146,"201910",17,43,43
"1239",8311146,"201915",3,3,46
"1240",8311146,"201920",16,16,62
"1241",8311146,"202010",17,17,79
"1242",8311146,"202020",0,15,94
"1243",8311146,"202030",3,3,97
"1244",8311146,"202110",15,15,112
"1245",8311146,"202115",3,3,115
"1246",8311146,"202120",13,13,128
"1247",8311146,"202210",19,19,147
"1248",8311146,"202215",4,4,151
"1249",8311146,"202220",16.5,16.5,167.5
"1250",8311225,"201910",15,15,15
"1251",8311225,"201920",14,14,29
"1252",8311225,"202010",16,16,45
"1253",8311225,"202020",18,18,63
"1254",8311225,"202110",15,15,78
"1255",8311225,"202120",15,15,93
"1256",8311225,"202210",15,15,108
"1257",8311225,"202220",13.5,13.5,121.5
"1258",8315620,"201910",12,19,19
"1259",8315620,"201920",0,0,19
"1260",8315620,"202010",14,14,33
"1261",8315620,"202015",3,3,36
"1262",8315620,"202020",15,18,54
"1263",8315620,"202110",12,12,66
"1264",8315620,"202115",6,6,72
"1265",8315620,"202120",12,12,84
"1266",8315620,"202130",3,3,87
"1267",8315620,"202210",14,14,101
"1268",8315620,"202215",3,3,104
"1269",8315620,"202220",3,3,107
"1270",8315620,"202310",18,18,125
"1271",8316012,"201910",17,29,29
"1272",8316012,"201920",13,13,42
"1273",8316012,"201930",9,9,51
"1274",8316012,"202020",17,17,68
"1275",8316012,"202030",0,3,NA
"1276",8316012,"202110",15,15,86
"1277",8316012,"202115",3,3,89
"1278",8316012,"202120",12,12,101
"1279",8316012,"202130",3,3,104
"1280",8316012,"202210",15,15,119
"1281",8316012,"202220",15,15,134
"1282",8317382,"201910",18,18,18
"1283",8317382,"201920",18,18,36
"1284",8317382,"202010",19,19,55
"1285",8317382,"202020",18,18,73
"1286",8317382,"202210",18,18,91
"1287",8317382,"202220",18,18,109
"1288",8317382,"202230",0,0,109
"1289",8317382,"202310",15,15,124
"1290",8317382,"202320",12,12,136
"1291",8317791,"201910",15,41,41
"1292",8317791,"201920",16,16,57
"1293",8317791,"202010",12,12,69
"1294",8317791,"202020",12,12,81
"1295",8317791,"202110",12,12,93
"1296",8317791,"202120",13,13,106
"1297",8317791,"202210",15,15,121
"1298",8317791,"202220",12,12,133
"1299",8318800,"201910",17,17,17
"1300",8318800,"201920",15,15,32
"1301",8318800,"202010",13,13,45
"1302",8318800,"202020",15,15,60
"1303",8318800,"202110",14,14,74
"1304",8318800,"202120",16,16,90
"1305",8318800,"202210",15,15,105
"1306",8318800,"202215",3,3,108
"1307",8318800,"202220",15,15,123
"1308",8319253,"201910",16,25,25
"1309",8319253,"201920",14,14,39
"1310",8319253,"202010",16,16,55
"1311",8319253,"202020",15,15,70
"1312",8319253,"202110",15,15,85
"1313",8319253,"202115",3,3,88
"1314",8319253,"202120",13,13,101
"1315",8319253,"202210",12,12,113
"1316",8319253,"202220",14,14,127
"1317",8320580,"201910",15,21,21
"1318",8320580,"202010",15,27,48
"1319",8320580,"202020",16,16,64
"1320",8320580,"202110",16,16,80
"1321",8320580,"202115",3,3,83
"1322",8320580,"202120",15,15,98
"1323",8320580,"202130",3,6,104
"1324",8320580,"202210",17,17,121
"1325",8320580,"202220",12,12,133
"1326",8323169,"202110",15,75,75
"1327",8323169,"202120",14,14,89
"1328",8323169,"202210",15,15,104
"1329",8323169,"202220",15,15,119
"1330",8323169,"202310",12,12,131
"1331",8323169,"202320",12,12,143
"1332",8324729,"201910",15,15,15
"1333",8324729,"201920",16,16,31
"1334",8324729,"202010",14,14,45
"1335",8324729,"202020",17,17,62
"1336",8324729,"202030",3,3,65
"1337",8324729,"202110",12,12,77
"1338",8324729,"202115",3,3,80
"1339",8324729,"202120",12,12,92
"1340",8324729,"202130",3,9,101
"1341",8324729,"202210",15,15,116
"1342",8324729,"202215",3,3,119
"1343",8324729,"202220",12,12,131
"1344",8325776,"201910",15,18,18
"1345",8325776,"201920",15,15,33
"1346",8325776,"202010",15,15,48
"1347",8325776,"202020",15,15,63
"1348",8325776,"202110",15,15,78
"1349",8325776,"202120",12,12,90
"1350",8325776,"202210",15,15,105
"1351",8325776,"202220",12,12,117
"1352",8326128,"201910",16,73,73
"1353",8326128,"201915",3,3,76
"1354",8326128,"201920",19,19,95
"1355",8326128,"201930",3,3,98
"1356",8326128,"202010",16,16,114
"1357",8326128,"202015",3,3,117
"1358",8326128,"202020",19,19,136
"1359",8326128,"202110",16,16,152
"1360",8326128,"202120",6,6,158
"1361",8326128,"202210",9,9,167
"1362",8326128,"202220",3,3,170
"1363",8326128,"202310",0,0,170
"1364",8327105,"201910",16,25,25
"1365",8327105,"201920",15,15,40
"1366",8327105,"202010",17,17,57
"1367",8327105,"202020",15,15,72
"1368",8327105,"202110",15,15,87
"1369",8327105,"202120",17,17,104
"1370",8327105,"202210",17,17,121
"1371",8327105,"202220",12,12,133
"1372",8327670,"201910",13,22,22
"1373",8327670,"201920",15,15,37
"1374",8327670,"202010",15,15,52
"1375",8327670,"202020",12,17,69
"1376",8327670,"202110",16,16,85
"1377",8327670,"202120",12,12,97
"1378",8327670,"202210",15,15,112
"1379",8327670,"202215",3,3,115
"1380",8327670,"202220",15,15,130
"1381",8329475,"201910",15,66,66
"1382",8329475,"201920",15,15,81
"1383",8329475,"202010",12,12,93
"1384",8329475,"202020",15,15,108
"1385",8329475,"202030",3,3,111
"1386",8329475,"202110",12,12,123
"1387",8329475,"202120",12,12,135
"1388",8329675,"201910",15,18,18
"1389",8329675,"201920",18,18,36
"1390",8329675,"202010",16,16,52
"1391",8329675,"202020",16,16,68
"1392",8329675,"202110",12,12,80
"1393",8329675,"202120",18,18,98
"1394",8329675,"202210",14,14,112
"1395",8329675,"202220",12,12,124
"1396",8330331,"201910",18,41,41
"1397",8330331,"201920",15,15,56
"1398",8330331,"202010",15,15,71
"1399",8330331,"202020",15,15,86
"1400",8330331,"202110",15,15,101
"1401",8330331,"202120",15,15,116
"1402",8330331,"202210",15,15,131
"1403",8330331,"202220",12,12,143
"1404",8330667,"201910",15,48,48
"1405",8330667,"201920",14,14,62
"1406",8330667,"202010",15,15,77
"1407",8330667,"202020",15,15,92
"1408",8330667,"202030",3,3,95
"1409",8330667,"202110",16,16,111
"1410",8330667,"202115",3,3,114
"1411",8330667,"202120",15,15,129
"1412",8330667,"202210",16,16,145
"1413",8330667,"202215",3,3,148
"1414",8330667,"202220",12,12,160
"1415",8331244,"201910",15,44,44
"1416",8331244,"201920",16,16,60
"1417",8331244,"202010",15,15,75
"1418",8331244,"202020",16,16,91
"1419",8331244,"202110",15,15,106
"1420",8331244,"202120",12,12,118
"1421",8331244,"202220",12,12,130
"1422",8331618,"201910",15,26,26
"1423",8331618,"201920",15,15,41
"1424",8331618,"202010",16,16,57
"1425",8331618,"202015",3,3,60
"1426",8331618,"202020",16,16,76
"1427",8331618,"202030",3,3,79
"1428",8331618,"202110",14,14,93
"1429",8331618,"202120",15,15,108
"1430",8331618,"202210",15,15,123
"1431",8331618,"202220",15,15,138
"1432",8331743,"201910",15,29,29
"1433",8331743,"201920",17,17,46
"1434",8331743,"202010",15,15,61
"1435",8331743,"202020",15,15,76
"1436",8331743,"202110",15,15,91
"1437",8331743,"202120",14,14,105
"1438",8331743,"202210",13,13,118
"1439",8331743,"202220",13,13,131
"1440",8333235,"201910",14,29,29
"1441",8333235,"201920",16,16,45
"1442",8333235,"202010",15,15,60
"1443",8333235,"202020",0,16,76
"1444",8333235,"202110",12,12,88
"1445",8333235,"202120",15,15,103
"1446",8333235,"202130",3,3,106
"1447",8333235,"202210",12,12,118
"1448",8333235,"202220",3,6,124
"1449",8333381,"201910",15,31,31
"1450",8333381,"201920",16,16,47
"1451",8333381,"202010",15,15,62
"1452",8333381,"202015",3,3,65
"1453",8333381,"202020",15,15,80
"1454",8333381,"202110",15,15,95
"1455",8333381,"202120",15,15,110
"1456",8333381,"202210",12,12,122
"1457",8333381,"202220",12,12,134
"1458",8333444,"201910",15,24,24
"1459",8333444,"201920",15,15,39
"1460",8333444,"202010",16,16,55
"1461",8333444,"202020",15,15,70
"1462",8333444,"202110",15,15,85
"1463",8333444,"202120",15,15,100
"1464",8333444,"202130",6,6,106
"1465",8333444,"202210",15,15,121
"1466",8333444,"202220",15,15,136
"1467",8333498,"201910",15,39,39
"1468",8333498,"201920",15,15,54
"1469",8333498,"202010",17,17,71
"1470",8333498,"202020",15,15,86
"1471",8333498,"202110",16,16,102
"1472",8333498,"202120",15,15,117
"1473",8333498,"202210",16,16,133
"1474",8333498,"202220",12,12,145
"1475",8334152,"201910",12,42,42
"1476",8334152,"201920",14,14,56
"1477",8334152,"202010",12,17,73
"1478",8334152,"202020",13,13,86
"1479",8334152,"202110",14,14,100
"1480",8334152,"202120",12,12,112
"1481",8334152,"202210",12,12,124
"1482",8334152,"202215",6,6,130
"1483",8334152,"202220",12,12,142
"1484",8334152,"202230",3,3,145
"1485",8334506,"201910",15,28,28
"1486",8334506,"201920",12,12,40
"1487",8334506,"202010",15,15,55
"1488",8334506,"202015",0,3,58
"1489",8334506,"202020",12,12,70
"1490",8334506,"202110",15,15,85
"1491",8334506,"202120",12,12,97
"1492",8334506,"202210",15,15,112
"1493",8334506,"202220",15,15,127
"1494",8334898,"201910",16,87,87
"1495",8334898,"201915",3,3,90
"1496",8334898,"201920",16,16,106
"1497",8334898,"201930",3,3,109
"1498",8334898,"202010",16,16,125
"1499",8334898,"202015",3,3,128
"1500",8334898,"202020",16,16,144
"1501",8334898,"202030",6,6,150
"1502",8334898,"202110",10,10,160
"1503",8334898,"202120",14,14,174
"1504",8334898,"202210",13,13,187
"1505",8334898,"202220",15,15,202
"1506",8335099,"201910",15,35,35
"1507",8335099,"201920",15,15,50
"1508",8335099,"202010",18,18,68
"1509",8335099,"202020",0,15,83
"1510",8335099,"202110",19,19,102
"1511",8335099,"202120",18,18,120
"1512",8335099,"202210",15,15,135
"1513",8335099,"202220",17,17,152
"1514",8336051,"201910",12,12,12
"1515",8336051,"201920",15,15,27
"1516",8336051,"201930",3,9,36
"1517",8336051,"202010",15,15,51
"1518",8336051,"202015",3,3,54
"1519",8336051,"202020",16,16,70
"1520",8336051,"202030",0,6,NA
"1521",8336051,"202110",16,16,92
"1522",8336051,"202120",16,16,108
"1523",8336051,"202210",15,15,123
"1524",8336051,"202215",3,3,126
"1525",8336051,"202220",12,12,138
"1526",8336139,"201910",15,33,33
"1527",8336139,"201920",16,16,49
"1528",8336139,"202010",15,15,64
"1529",8336139,"202015",6,6,70
"1530",8336139,"202020",15,15,85
"1531",8336139,"202110",17,17,102
"1532",8336139,"202120",14,14,116
"1533",8336139,"202210",15,15,131
"1534",8336139,"202215",3,3,134
"1535",8336139,"202220",12,12,146
"1536",8336578,"201910",14,23,23
"1537",8336578,"201920",16,16,39
"1538",8336578,"202010",15,15,54
"1539",8336578,"202020",12,12,66
"1540",8336578,"202110",12,12,78
"1541",8336578,"202115",6,6,84
"1542",8336578,"202120",15,15,99
"1543",8336578,"202130",3,6,105
"1544",8336578,"202210",12,12,117
"1545",8336578,"202220",12,12,129
"1546",8336655,"201910",16,19,19
"1547",8336655,"201920",14,14,33
"1548",8336655,"202010",12,12,45
"1549",8336655,"202020",15,15,60
"1550",8336655,"202110",15,15,75
"1551",8336655,"202120",15,15,90
"1552",8336655,"202210",12,12,102
"1553",8336655,"202215",6,6,108
"1554",8336655,"202220",11,11,119
"1555",8336766,"201910",17,28,28
"1556",8336766,"201920",18,18,46
"1557",8336766,"202010",16,16,62
"1558",8336766,"202020",16,16,78
"1559",8336766,"202030",3,6,84
"1560",8336766,"202110",16,16,100
"1561",8336766,"202120",18,18,118
"1562",8336766,"202210",15,15,133
"1563",8336766,"202220",12,12,145
"1564",8336795,"201910",15,15,15
"1565",8336795,"201920",14,14,29
"1566",8336795,"202010",16,16,45
"1567",8336795,"202020",15,15,60
"1568",8336795,"202110",12,12,72
"1569",8336795,"202120",15,15,87
"1570",8336795,"202210",15,15,102
"1571",8336795,"202220",17,17,119
"1572",8338465,"201910",13,16,16
"1573",8338465,"201920",17,17,33
"1574",8338465,"201930",3,8,41
"1575",8338465,"202010",16,16,57
"1576",8338465,"202015",2,2,59
"1577",8338465,"202020",15,15,74
"1578",8338465,"202030",6,6,80
"1579",8338465,"202110",15,15,95
"1580",8338465,"202120",16.5,16.5,111.5
"1581",8338465,"202130",3,3,114.5
"1582",8338465,"202210",15,15,129.5
"1583",8338465,"202220",12,12,141.5
"1584",8341263,"201910",16,29,29
"1585",8341263,"201920",15,15,44
"1586",8341263,"202010",16,16,60
"1587",8341263,"202020",17,17,77
"1588",8341458,"201910",14,25,25
"1589",8341458,"201920",16,16,41
"1590",8341458,"202010",15,15,56
"1591",8341458,"202020",15,15,71
"1592",8341458,"202110",15,15,86
"1593",8341458,"202120",18,18,104
"1594",8341458,"202210",12,12,116
"1595",8341458,"202215",3,3,119
"1596",8341458,"202220",6,6,125
"1597",8351487,"201910",14,14,14
"1598",8351487,"201920",16,16,30
"1599",8351487,"201930",9,13,43
"1600",8351487,"202010",13,13,56
"1601",8351487,"202015",3,3,59
"1602",8351487,"202020",14,14,73
"1603",8351487,"202110",16,16,89
"1604",8351487,"202120",15,15,104
"1605",8351487,"202210",16,16,120
"1606",8351487,"202215",3,3,123
"1607",8351487,"202220",12,12,135
"1608",8354519,"201810",20,20,20
"1609",8354519,"201820",22,22,42
"1610",8354519,"201910",20,20,62
"1611",8354519,"201920",20,20,82
"1612",8354519,"202010",20,20,102
"1613",8354519,"202020",17,17,119
"1614",8354519,"202030",9,9,128
"1615",8354519,"202110",3,3,131
"1616",8354519,"202115",0,0,131
"1617",8354519,"202120",0,0,131
"1618",8355890,"201810",15,15,15
"1619",8355890,"201820",14,14,29
"1620",8355890,"201910",14.5,14.5,43.5
"1621",8355890,"201920",15,15,58.5
"1622",8355890,"201930",3,3,61.5
"1623",8355890,"202010",17,17,78.5
"1624",8355890,"202020",16,16,94.5
"1625",8355890,"202030",0,3,NA
"1626",8355890,"202110",18,18,115.5
"1627",8355890,"202120",15,15,130.5
"1628",8357001,"201810",16,16,16
"1629",8357001,"201820",18,18,34
"1630",8357001,"201910",17,17,51
"1631",8357001,"201920",18,18,69
"1632",8357001,"202010",8,8,77
"1633",8357001,"202020",9,9,86
"1634",8357001,"202110",6,6,92
"1635",8357001,"202120",12,12,104
"1636",8357001,"202210",15,15,119
"1637",8357001,"202215",3,3,122
"1638",8357001,"202220",12,12,134
"1639",8357001,"202230",12,12,146
"1640",8364032,"201810",16,25,25
"1641",8364032,"201820",16,16,41
"1642",8364032,"201910",19.5,19.5,60.5
"1643",8364032,"201915",3,3,63.5
"1644",8364032,"201920",14,14,77.5
"1645",8364032,"202010",15,15,92.5
"1646",8364032,"202020",20,26,118.5
"1647",8364032,"202030",0,0,118.5
"1648",8364032,"202110",22,22,140.5
"1649",8364032,"202120",15,15,155.5
"1650",8365162,"201810",15,30,30
"1651",8365162,"201820",13,13,43
"1652",8365162,"201830",6,6,49
"1653",8365162,"201910",16,16,65
"1654",8365162,"201920",15,15,80
"1655",8365162,"202010",12,12,92
"1656",8365162,"202020",14,14,106
"1657",8365162,"202110",12,12,118
"1658",8365162,"202120",6,6,124
"1659",8365422,"201810",17,49,49
"1660",8365422,"201820",14,14,63
"1661",8365422,"201830",3,3,66
"1662",8365422,"201910",15,15,81
"1663",8365422,"201915",3,3,84
"1664",8365422,"201920",15,15,99
"1665",8365422,"201930",1,1,100
"1666",8365422,"202010",9,9,109
"1667",8365422,"202015",3,3,112
"1668",8365422,"202020",9,9,121
"1669",8365422,"202110",6,6,127
"1670",8365422,"202115",0,0,127
"1671",8365422,"202120",0,0,127
"1672",8366918,"201810",17,36,36
"1673",8366918,"201820",16,16,52
"1674",8366918,"201830",3,3,55
"1675",8366918,"201910",15,15,70
"1676",8366918,"201920",12,12,82
"1677",8366918,"202010",15,15,97
"1678",8366918,"202020",15,15,112
"1679",8366918,"202110",15,15,127
"1680",8366918,"202120",15,15,142
"1681",8368121,"201810",16,54,54
"1682",8368121,"201820",18,18,72
"1683",8368121,"201910",15,15,87
"1684",8368121,"201920",15,15,102
"1685",8368121,"202010",16,16,118
"1686",8368121,"202020",13,13,131
"1687",8368121,"202030",3,3,134
"1688",8368121,"202110",16,16,150
"1689",8368925,"201810",14,39,39
"1690",8368925,"201820",15,15,54
"1691",8368925,"201910",15,15,69
"1692",8368925,"201920",12,12,81
"1693",8368925,"202010",12,12,93
"1694",8368925,"202020",17,17,110
"1695",8368925,"202110",19,19,129
"1696",8369263,"201810",17,31,31
"1697",8369263,"201820",16,16,47
"1698",8369263,"201910",15,15,62
"1699",8369263,"201920",16,16,78
"1700",8369263,"202010",15,15,93
"1701",8369263,"202015",3,3,96
"1702",8369263,"202020",15,15,111
"1703",8369263,"202110",12,12,123
"1704",8369263,"202120",12,12,135
"1705",8369816,"201810",15,53,53
"1706",8369816,"201820",15,15,68
"1707",8369816,"201910",12,12,80
"1708",8369816,"201920",14,14,94
"1709",8369816,"202010",12,12,106
"1710",8369816,"202015",6,6,112
"1711",8369816,"202020",18,18,130
"1712",8369816,"202110",15,15,145
"1713",8369816,"202115",6,6,151
"1714",8369816,"202120",18,18,169
"1715",8370493,"201810",17,26,26
"1716",8370493,"201815",3,3,29
"1717",8370493,"201820",16,16,45
"1718",8370493,"201910",15,15,60
"1719",8370493,"201920",15,15,75
"1720",8370493,"202010",15,15,90
"1721",8370493,"202110",20,20,110
"1722",8370493,"202120",17,17,127
"1723",8371019,"201810",14.5,21.5,21.5
"1724",8371019,"201820",15,15,36.5
"1725",8371019,"201910",15,15,51.5
"1726",8371019,"201920",16,16,67.5
"1727",8371019,"202010",0,16,83.5
"1728",8371019,"202020",15,15,98.5
"1729",8371019,"202110",14,14,112.5
"1730",8371019,"202120",12,12,124.5
"1731",8372734,"201810",17,32,32
"1732",8372734,"201820",16,16,48
"1733",8372734,"201910",12,12,60
"1734",8372734,"201920",15,15,75
"1735",8372734,"202010",15,15,90
"1736",8372734,"202015",3,3,93
"1737",8372734,"202020",14,14,107
"1738",8372734,"202110",12,12,119
"1739",8372734,"202120",13.5,13.5,132.5
"1740",8372868,"201810",15,34,34
"1741",8372868,"201820",17,17,51
"1742",8372868,"201910",19,19,70
"1743",8372868,"201920",17,17,87
"1744",8372868,"202010",17,17,104
"1745",8372868,"202015",3,3,107
"1746",8372868,"202020",21,21,128
"1747",8372868,"202110",17,17,145
"1748",8372868,"202120",15.5,15.5,160.5
"1749",8372995,"201810",17,36,36
"1750",8372995,"201820",14,14,50
"1751",8372995,"201910",13,13,63
"1752",8372995,"201920",15,15,78
"1753",8372995,"202010",15,15,93
"1754",8372995,"202020",15,15,108
"1755",8372995,"202110",15,15,123
"1756",8372995,"202115",1,1,124
"1757",8372995,"202120",12,12,136
"1758",8373123,"201810",12,25,25
"1759",8373123,"201820",14,14,39
"1760",8373123,"201830",0,5,NA
"1761",8373123,"201910",16,16,60
"1762",8373123,"201915",2,2,62
"1763",8373123,"201920",15,15,77
"1764",8373123,"202010",12,12,89
"1765",8373123,"202015",6,6,95
"1766",8373123,"202020",15,15,110
"1767",8373123,"202030",0,3,NA
"1768",8373123,"202110",16,16,129
"1769",8373123,"202115",3,3,132
"1770",8373123,"202120",16,16,148
"1771",8373893,"201810",15,42,42
"1772",8373893,"201820",16,16,58
"1773",8373893,"201910",17,17,75
"1774",8373893,"201920",14,14,89
"1775",8373893,"202010",15,15,104
"1776",8373893,"202020",13,16,120
"1777",8373893,"202110",12,15,135
"1778",8373893,"202120",15,15,150
"1779",8373905,"201810",17,42,42
"1780",8373905,"201820",13.5,13.5,55.5
"1781",8373905,"201910",15,15,70.5
"1782",8373905,"201920",12,12,82.5
"1783",8373905,"202010",15,15,97.5
"1784",8373905,"202015",3,3,100.5
"1785",8373905,"202020",14,14,114.5
"1786",8373905,"202030",3,3,117.5
"1787",8373905,"202110",12,12,129.5
"1788",8373905,"202120",9,9,138.5
"1789",8374059,"201810",15,18,18
"1790",8374059,"201820",16,16,34
"1791",8374059,"201830",0,5,NA
"1792",8374059,"201910",17,17,56
"1793",8374059,"201915",0,6,NA
"1794",8374059,"201920",16,16,78
"1795",8374059,"202010",12,12,90
"1796",8374059,"202015",3,3,93
"1797",8374059,"202020",20,20,113
"1798",8374059,"202030",3,3,116
"1799",8374059,"202110",12,12,128
"1800",8377224,"201810",14,39,39
"1801",8377224,"201820",15,15,54
"1802",8377224,"201910",15,15,69
"1803",8377224,"201915",0,4,73
"1804",8377224,"201920",15,15,88
"1805",8377224,"202010",15,15,103
"1806",8377224,"202020",14,14,117
"1807",8377224,"202110",12,12,129
"1808",8377224,"202120",6,6,135
"1809",8377378,"201810",17,26,26
"1810",8377378,"201820",15,15,41
"1811",8377378,"201910",14,14,55
"1812",8377378,"201920",15,15,70
"1813",8377378,"202010",18,18,88
"1814",8377378,"202020",16,16,104
"1815",8377378,"202110",15,15,119
"1816",8377378,"202120",12,12,131
"1817",8378080,"201810",17,40,40
"1818",8378080,"201820",16,16,56
"1819",8378080,"201910",18,18,74
"1820",8378080,"201920",16,16,90
"1821",8378080,"202010",16,16,106
"1822",8378080,"202020",15,15,121
"1823",8378080,"202110",16,16,137
"1824",8378080,"202120",15,15,152
"1825",8378360,"201810",17,33,33
"1826",8378360,"201820",15,15,48
"1827",8378360,"201910",16,16,64
"1828",8378360,"201920",15,15,79
"1829",8378360,"201930",6,6,85
"1830",8378360,"202010",12,12,97
"1831",8378360,"202020",15,15,112
"1832",8378360,"202110",12,12,124
"1833",8378360,"202120",12,12,136
"1834",8379005,"201810",15,32,32
"1835",8379005,"201820",16,16,48
"1836",8379005,"201910",15,15,63
"1837",8379005,"201920",15,15,78
"1838",8379005,"201930",9,12,90
"1839",8379005,"202010",15,15,105
"1840",8379005,"202015",3,3,108
"1841",8379005,"202020",16,16,124
"1842",8379005,"202030",3,6,130
"1843",8379005,"202110",15,15,145
"1844",8379005,"202120",12,12,157
"1845",8379300,"201810",14,31,31
"1846",8379300,"201815",3,3,34
"1847",8379300,"201820",13,13,47
"1848",8379300,"201910",17,17,64
"1849",8379300,"201915",3,3,67
"1850",8379300,"201920",15,15,82
"1851",8379300,"202010",15,15,97
"1852",8379300,"202015",3,3,100
"1853",8379300,"202020",15,15,115
"1854",8379300,"202110",15,15,130
"1855",8379300,"202120",15,15,145
"1856",8379976,"201810",17,45,45
"1857",8379976,"201820",15,15,60
"1858",8379976,"201910",6,6,66
"1859",8379976,"201920",16,16,82
"1860",8379976,"202010",16,16,98
"1861",8379976,"202020",16,16,114
"1862",8379976,"202110",12,12,126
"1863",8379976,"202120",12,12,138
"1864",8382476,"201810",15,54,54
"1865",8382476,"201820",15,15,69
"1866",8382476,"201910",15,15,84
"1867",8382476,"201920",13,13,97
"1868",8382476,"202010",12,12,109
"1869",8382476,"202015",6,6,115
"1870",8382476,"202020",15,15,130
"1871",8382476,"202110",0,0,130
"1872",8382476,"202115",0,0,130
"1873",8382476,"202120",0,0,130
"1874",8382573,"201810",15,49,49
"1875",8382573,"201820",17,17,66
"1876",8382573,"201830",6,6,72
"1877",8382573,"201910",16,16,88
"1878",8382573,"201920",15,15,103
"1879",8382573,"201930",6,6,109
"1880",8382573,"202010",15,15,124
"1881",8382573,"202015",3,3,127
"1882",8382573,"202020",15,15,142
"1883",8382573,"202030",3,3,145
"1884",8382573,"202110",18,18,163
"1885",8382573,"202120",21,21,184
"1886",8383536,"201810",16,45,45
"1887",8383536,"201820",16,16,61
"1888",8383536,"201910",15,15,76
"1889",8383536,"201920",12,12,88
"1890",8383536,"201930",6,6,94
"1891",8383536,"202010",12,12,106
"1892",8383536,"202020",11,11,117
"1893",8383536,"202110",9,9,126
"1894",8383536,"202115",6,6,132
"1895",8383536,"202120",12,12,144
"1896",8383536,"202210",12,12,156
"1897",8383536,"202215",3,3,159
"1898",8383536,"202220",15,15,174
"1899",8384327,"201810",16,16,16
"1900",8384327,"201820",15,15,31
"1901",8384327,"201910",15,15,46
"1902",8384327,"201915",3,3,49
"1903",8384327,"201920",19,19,68
"1904",8384327,"202010",15,15,83
"1905",8384327,"202020",15,15,98
"1906",8384327,"202110",16,16,114
"1907",8384327,"202120",10,10,124
"1908",8384480,"201810",15,18,18
"1909",8384480,"201820",15,15,33
"1910",8384480,"201910",15,15,48
"1911",8384480,"201915",3,3,51
"1912",8384480,"201920",15,15,66
"1913",8384480,"202010",15,15,81
"1914",8384480,"202020",15,15,96
"1915",8384480,"202110",15,15,111
"1916",8384480,"202120",12,12,123
"1917",8385582,"201810",15,26,26
"1918",8385582,"201820",16,16,42
"1919",8385582,"201910",15,15,57
"1920",8385582,"201915",3,3,60
"1921",8385582,"201920",15,15,75
"1922",8385582,"202010",15,15,90
"1923",8385582,"202015",3,3,93
"1924",8385582,"202020",16,16,109
"1925",8385582,"202030",3,3,112
"1926",8385582,"202110",15,15,127
"1927",8385582,"202120",15,15,142
"1928",8385894,"201810",15,21,21
"1929",8385894,"201820",14,14,35
"1930",8385894,"201910",11,11,46
"1931",8385894,"201920",15,15,61
"1932",8385894,"202010",14,14,75
"1933",8385894,"202015",6,6,81
"1934",8385894,"202020",13,13,94
"1935",8385894,"202110",15,15,109
"1936",8385894,"202120",15,15,124
"1937",8386138,"201810",17,52,52
"1938",8386138,"201820",18,18,70
"1939",8386138,"201830",3,3,73
"1940",8386138,"201910",17,17,90
"1941",8386138,"201915",3,3,93
"1942",8386138,"201920",19,19,112
"1943",8386138,"202010",18,18,130
"1944",8386138,"202020",14,14,144
"1945",8386138,"202110",17,17,161
"1946",8386138,"202120",16,16,177
"1947",8386140,"201810",12,57,57
"1948",8386140,"201820",15,15,72
"1949",8386140,"201910",16,16,88
"1950",8386140,"201920",15,15,103
"1951",8386140,"202010",12,12,115
"1952",8386140,"202020",0,16,131
"1953",8386140,"202110",12,12,143
"1954",8386140,"202120",6,6,149
"1955",8386564,"201810",16,29,29
"1956",8386564,"201820",15,15,44
"1957",8386564,"201910",15,15,59
"1958",8386564,"201920",15,15,74
"1959",8386564,"202010",15,15,89
"1960",8386564,"202015",6,6,95
"1961",8386564,"202020",15,15,110
"1962",8386564,"202110",12,12,122
"1963",8386564,"202120",12,12,134
"1964",8387041,"201810",15,43,43
"1965",8387041,"201820",15,15,58
"1966",8387041,"201910",15,15,73
"1967",8387041,"201920",15,15,88
"1968",8387041,"202010",15,15,103
"1969",8387041,"202020",0,16,119
"1970",8387041,"202110",12,12,131
"1971",8387041,"202120",12,12,143
"1972",8387094,"201810",15,15,15
"1973",8387094,"201815",0,0,15
"1974",8387094,"201820",15,15,30
"1975",8387094,"201830",3,3,33
"1976",8387094,"201910",16,16,49
"1977",8387094,"201920",14,14,63
"1978",8387094,"202010",15,15,78
"1979",8387094,"202015",3,3,81
"1980",8387094,"202020",15,15,96
"1981",8387094,"202030",3,3,99
"1982",8387094,"202110",15,15,114
"1983",8387094,"202115",3,3,117
"1984",8387094,"202120",15,15,132
"1985",8387197,"201810",16,40,40
"1986",8387197,"201820",16,16,56
"1987",8387197,"201910",15,18,74
"1988",8387197,"201920",15,15,89
"1989",8387197,"201930",6,6,95
"1990",8387197,"202010",12,12,107
"1991",8387197,"202015",6,6,113
"1992",8387197,"202020",12,12,125
"1993",8387197,"202030",3,3,128
"1994",8387197,"202110",12,12,140
"1995",8387197,"202120",12,12,152
"1996",8387363,"201810",16,23,23
"1997",8387363,"201820",14,14,37
"1998",8387363,"201910",12,12,49
"1999",8387363,"201920",15,15,64
"2000",8387363,"202010",15,15,79
"2001",8387363,"202020",15,15,94
"2002",8387363,"202110",15,15,109
"2003",8387363,"202120",12,12,121
"2004",8389050,"201810",13,34,34
"2005",8389050,"201820",17,17,51
"2006",8389050,"201830",3,6,57
"2007",8389050,"201910",15,15,72
"2008",8389050,"201920",13,13,85
"2009",8389050,"202010",0,16,101
"2010",8389050,"202015",3,3,104
"2011",8389050,"202020",18,18,122
"2012",8389050,"202110",14,14,136
"2013",8389050,"202120",12,12,148
"2014",8389212,"201810",15,35,35
"2015",8389212,"201820",16,16,51
"2016",8389212,"201830",3,3,54
"2017",8389212,"201910",15,15,69
"2018",8389212,"201920",17,17,86
"2019",8389212,"202010",14,17,103
"2020",8389212,"202020",15,15,118
"2021",8389212,"202110",15,15,133
"2022",8389212,"202120",12,12,145
"2023",8389477,"201810",16,19,19
"2024",8389477,"201820",15,15,34
"2025",8389477,"201910",15,15,49
"2026",8389477,"201915",0,4,53
"2027",8389477,"201920",15,15,68
"2028",8389477,"201930",3,3,71
"2029",8389477,"202010",15,15,86
"2030",8389477,"202020",15,15,101
"2031",8389477,"202030",6,6,107
"2032",8389477,"202110",15,15,122
"2033",8389477,"202120",12,12,134
"2034",8398087,"201810",16,25,25
"2035",8398087,"201820",14,14,39
"2036",8398087,"201910",16,16,55
"2037",8398087,"201915",6,6,61
"2038",8398087,"201920",18,18,79
"2039",8398087,"201930",1,1,80
"2040",8398087,"202010",15,15,95
"2041",8398087,"202015",6,6,101
"2042",8398087,"202020",12,12,113
"2043",8398087,"202110",12,12,125
"2044",8398087,"202120",12,12,137
"2045",8398165,"201810",17,57,57
"2046",8398165,"201815",3,3,60
"2047",8398165,"201820",15,15,75
"2048",8398165,"201830",0,0,75
"2049",8398165,"201910",12,12,87
"2050",8398165,"201915",6,6,93
"2051",8398165,"201920",17,17,110
"2052",8398165,"201930",9,9,119
"2053",8398165,"202010",15,15,134
"2054",8398165,"202015",3,3,137
"2055",8398165,"202020",18,18,155
"2056",8398165,"202110",0,0,155
"2057",8398165,"202120",0,0,155
"2058",8398303,"201910",15,38,38
"2059",8398303,"201920",12,12,50
"2060",8398303,"202010",12,12,62
"2061",8398303,"202020",12,12,74
"2062",8398303,"202030",3,6,80
"2063",8398303,"202110",13,13,93
"2064",8398303,"202120",12,12,105
"2065",8398303,"202210",12,12,117
"2066",8398303,"202220",9,9,126
"2067",8398329,"201810",16,36,36
"2068",8398329,"201820",17,17,53
"2069",8398329,"201910",15,15,68
"2070",8398329,"201920",17.5,17.5,85.5
"2071",8398329,"201930",3,3,88.5
"2072",8398329,"202010",15,15,103.5
"2073",8398329,"202015",6,6,109.5
"2074",8398329,"202020",14,14,123.5
"2075",8398329,"202110",9,9,132.5
"2076",8398329,"202120",14,14,146.5
"2077",8398877,"201710",3,3,3
"2078",8398877,"201720",3,3,6
"2079",8398877,"201810",12,12,18
"2080",8398877,"201820",15,15,33
"2081",8398877,"201910",14,14,47
"2082",8398877,"201920",12,12,59
"2083",8398877,"202010",15,15,74
"2084",8398877,"202015",3,3,77
"2085",8398877,"202020",19,19,96
"2086",8398877,"202030",3,3,99
"2087",8398877,"202110",13,13,112
"2088",8398877,"202115",3,3,115
"2089",8398877,"202120",16,16,131
"2090",8398877,"202210",17,17,148
"2091",8398877,"202215",3,3,151
"2092",8398877,"202220",13,13,164
"2093",8401257,"201710",11,11,11
"2094",8401257,"201720",13,13,24
"2095",8401257,"201810",16,34,58
"2096",8401257,"201820",18,18,76
"2097",8401257,"201910",17,17,93
"2098",8401257,"201920",15,15,108
"2099",8401257,"202010",13,13,121
"2100",8401257,"202020",18,18,139
"2101",8401257,"202110",6,6,145
"2102",8401257,"202115",0,0,145
"2103",8401257,"202120",0,0,145
"2104",8425267,"201620",3,3,3
"2105",8425267,"201710",6,6,9
"2106",8425267,"201720",6,6,15
"2107",8425267,"201810",15,15,30
"2108",8425267,"201820",14,14,44
"2109",8425267,"201910",13,13,57
"2110",8425267,"201920",15,15,72
"2111",8425267,"202010",15,15,87
"2112",8425267,"202020",15,15,102
"2113",8425267,"202110",15,15,117
"2114",8425267,"202120",12,12,129
"2115",9885956,"202210",6,6,6
"2116",9885956,NA,NA,NA,NA
